tipoesc,count,mean,std,min,25%,50%,75%,max
priv,32.0,7.78125,1.3615544958470411,3.0,7.0,8.0,8.625,10.0
pub,18.0,4.694444444444445,2.3145250363283716,1.5,2.625,4.5,6.75,9.0
